GeneID,GeneSymbol,Description,Scientific_name,Common_name,RefSeq_Transcript_Accessions,RefSeq_Protein_Accessions,Peptide_Sequences
608860,SHH,sonic hedgehog signaling molecule,Canis lupus familiaris,dog,XM_845357.5,XP_850450.1,MLLLARCMLAVLVCALLMCSGLACGPGRGFGKRRHPKKLTPLAYKQFIPNVAEKTLGASGRYEGKISRNSERFKELTPNYNPDIIFKDEENTGADRLMTQRCKDKLNALAISVMNQWPGVKLRVTEGWDEDGHHSEESLHYEGRAVDITTSDRDRSKYGMLARLAVEAGFDWVYYESKAHIHCSVKAENSVAAKSGGCFPGSATVHLEQGGTKLVKDLRPGDRVLAADDQGRLLYSDFLTFLDRDDGAKKVFYVIETREPRERLLLTAAHLLFVAPLNDSAAGEPEAPSGAGPPPGGAPGRRALFASRVRPGQRVYVVAERGGDRRLLPAAVHSVTLREEATGAYAPLTAQGTILINRVLASCYAVIEEHGWAHRAFAPFRLAHALLAALAPARTDRGGEGDGGGGGHLPPPAPGALEAPGAADAPGAAGIHWYSQLLYQIGTWLLDSEALHPLGMAVKSS
100481788,SHH,sonic hedgehog signaling molecule,Ailuropoda melanoleuca,giant panda,XM_034650041.1,XP_034505932.1,MLQLARCLVLLLVSALLMCPGLACGPGRGFGKRRHPKKLTPLAYKQFIPNVAEKTLGASGRYEGKISRNSERFKELTPNYNPDIIFKDEENTGADRLMTQRCKDKLNALAISVMNQWPGVKLRVTEGWDEDGHHSEESLHYEGRAVDITTSDRDRSKYGMLARLAVEAGFDWVYYESKAHIHCSVKAENSVAAKSGGCFPGSATVHLEQGGTKLVKDLRPGDRVLAADDQGRLLYSDFLAFLDRDDGAKKVFYVIETREPRERLLLTAAHLLFVAPHNDSAAAEREAPSGAGPPPGGAPGRRVVAAPSHFSPPARFHGCSPFPTFTVDGVKSLCKVSVQXLLPASLVTKCVSTPVKSCITMYLKLFSLCSIV
101374415,SHH,sonic hedgehog signaling molecule,Odobenus rosmarus divergens,Pacific walrus,XM_004403479.1,XP_004403536.1,MRPLARRMLVVLVSALLMCSGLACGPGRGFGKRRHPKKLTPLAYKQFIPNVAEKTLGASGRYEGKISRNSERFKELTPNYNPDIIFKDEENTGADRLMTQRCKDKLNALAISVMNQWPGVKLRVTEGWDEDGHHSEESLHYEGRAVDITTSDRDRSKYGMLARLAVEAGFDWVYYESKAHIHCSVKAENSVAAKSGGCFPGSATVHLEQGGTKLVKDLRPGDRVLAADDQGRLLYSDFLTFLDRDDGAKKVFYVIETREPRERLLLTAAHLLFVAPHNDSAAGEPEAPSGAGPPPGGAPGRRALFASRVRPGQRVYVVAERGGDRRLLPAAVHSVTLREEATGAYAPLTAQGTILINRVLASCYAVIEEHGWAHRAFAPFRLAHALLAVLAPARTDRGGDGDGGGGGRLPPPAPGAPDAPGAADAPGAVGIHWYSQLLYQIGTWLLDSEALHPLGMAVKSS
101681010,SHH,sonic hedgehog signaling molecule,Mustela putorius furo,domestic ferret,XM_013063278.1,XP_012918732.1,MLPLGRRLLAVLVSALLLCPGLACGPGRGFGKRRHPKKLTPLAYKQFIPNVAEKTLGASGRYEGKISRNSERFKELTPNYNPDIIFKDEENTGADRLMTQRCKDKLNALAISVMNQWPGVKLRVTEGWDEDGHHSEESLHYEGRAVDITTSDRDRSKYGMLARLAVEAGFDWVYYESKAHIHCSVKAGEVAGPAFPTPPPGAHRASPPSHLTAPELPLTCGHGAPWWDPRARDKCLWAGGKQEAQGGLDPGDNSCVRCGVTVCRSGGLPLRLSCRGLRGSKPRCGGHVAS
102747361,SHH,sonic hedgehog signaling molecule,Leptonychotes weddellii,Weddell seal,XM_006751651.2,XP_006751714.1,MRLLARCVLVVLVSALLMCSGLACGPGRGFGKRRHPKKLTPLAYKQFIPNVAEKTLGASGRYEGKISRNSERFKELTPNYNPDIIFKDEENTGADRLMTQRCKDKLNALAISVMNQWPGVKLRVTEGWDEDGHHSEESLHYEGRAVDITTSDRDRGKYGMLARLAVEAGFDWVYYESKAHIHCSVKAENSVAAKSGGCFPGSATVHLEQGGTKLVKDLRPGDRVLAADDQGRLLYSDFLTFLDRDDGAKKVFYVIETREPRERLLLTAAHLLFVAPHNDSAAGEPE
103660977,SHH,sonic hedgehog signaling molecule,Ursus maritimus,polar bear,XM_008688638.2,XP_008686860.2,MLLLARCLVVLLVSALLMCPGLACGPGRGFGKRRHPKKLTPLAYKQFIPNVAEKTLGASGRYEGKISRNSERFKELTPNYNPDIIFKDEENTGADRLMTQRCKDKLNALAISVMNQWPGVKLRVTEGWDEDGHHSEESLHYEGRAVDITTSDRDRSKYGMLARLAVEAGFDWVYYESKAHIHCSVKAENSVAAKSGGCFPGSATVHLEQGGTKLVKDLRPGDRVLAADDQGRLLYSDFLTFLDRDDGAKKVFYVIETREPRERLLLTAAHLLFVAPHNDSAAAEREAPSGAGPPPGGAPGRRALFASRVRPGQRVYVVAERGGDRRLLPAAVHSVTLREEATGAYAPLTAQGTILINRVLASCYAVIEEHGWAHRAFAPFRLAHALLAVLAPARTDRGGDGGGGGGGRLPAPAPGAPDAPGAADAPGAVGIHWYSQLLYQIGTWLLDSEALHPLGMAVKSS
109252339,SHH,sonic hedgehog signaling molecule,Panthera pardus,leopard,XM_019424734.1,XP_019280279.1,MLLARCMLAVFVSALLMCSGLGCGPGRGFGKRRHPKKLTPLAYKQFIPNVAEKTLGASGRYEGKISRNSERFKELTPNYNPDIIFKDEENTGADRLMTQRCKDKLNALAISVMNQWPGVKLRVTEGWDEDGHHSEESLHYEGRAVDITTSDRDRSKYGMLARLAVEAGFDWVYYESKAHIHCSVKAENSVAAKSGGCFPGSATVHLEQGGTKLVKDLRPGDRVLAADDQGRLLYSDFLTFLDRDDGAKKVFYVIETREPRERLLLTAAHLLFVAPHNDSAAAGELEAPSGAGPPPGGAPGRRALFASRVRPGQRVYVVAERGGDRRLLPAAVHSVTLREEATGAYAPLTAQGTILINRVLASCYAVIEEHGWAHRAFAPFRLAHALLAVLAPARTDRGGDGDGGGGGHLPPPAPAAPEAPAAADAPGAAGIHWYSKLLYQIGTWLLDSGPLPAARSSPRAGPGPRALSSVPHLQPPVPEWSRSALCGPRRETVGAHLPADPPV
110579735,SHH,sonic hedgehog signaling molecule,Neomonachus schauinslandi,Hawaiian monk seal,XM_021689395.1,XP_021545070.1,MRGSPNPEFHFALVCVLPIQCFFTATAQAASSWRCKDKLNALAISVMNQWPGVKLRVTEGWDEDGHHSEESLHYEGRAVDITTSDRDRGKYGMLARLAVEAGFDWVYYESKAHIHCSVKAENSVAAKSGGCFPGSATVHLEQGGTKLVKDLRPGDRVLAADDQGRLLYSDFLTFLDRDDGAKKVFYVIETREPRERLLLTAAHLLFVAPHNDSAAGEPEAPSGAGPPPGGAPGRRALFASRVRPGQRVYVVAERGGDRRLLPAAVHSVTLREEASGAYAPLTAQGTILINRVLASCYAVIEEHGWAHRAFAPFRLAHALLALLAPARTDRGGVGDGGGGGRLPPPAPGAPDAPGAADAPGAVGIHWYSQLLYQIGTWLLDGEALHPLGMAVKSS
111154521,SHH,sonic hedgehog signaling molecule,Enhydra lutris kenyoni,Northern sea otter,XM_022514177.1,XP_022369885.1,MLPLGRRLLAVLVSALLLCPGLACGPGRGFGKRRHPKKLTPLAYKQFIPNVAEKTLGASGRYEGKISRNSERFKELTPNYNPDIIFKDEENTGADRLMTQRCKDKLNALAISVMNQWPGVKLRVTEGWDEDGHHSEESLHYEGRAVDITTSDRDRSKYGMLARLAVEAGFDWVYYESKAHIHCSVKAENSVAAKSGGCFPGSATVHLEQGGTKLVRELRPGDRVLAADDQGRLLYSDFLTFLDRDDGAKKVFYVIETREPRERLLLTAAHLLFVAPHNDSAAGEPEARAGAGPPPGAAPGRRALFASRVRPGQLVYVVAEGGGGRRLLPAAVHSVTLREEATGAYAPLTAQGTILINRVLASCYAVIEEHGWAHRAFAPFRLAHALLAVLAPSRTDRGGAGHGDGGGGGHLPLPAPGAADAPGAAGIHWYSQLLYQIGTWLLDSEALHPLGMAVPSS
111557492,SHH,sonic hedgehog signaling molecule,Felis catus,domestic cat,XM_023242357.1,XP_023098125.1,MDSYDGSVMSLDKANSGLPPPDTAALAHRWPSPPVLGEREARGQREVSVGFIPASSLTAESECHVIARACHVQIASESIDGRVSERDGPTSLSVVAFRELKDPKTALGPRTARQRWDRNHQARAGVSPHGSLAPSRPSRGRAARAFGGRVASSPAAAAGLRTGEACARRRLDSSPGPGSWGRRRPTCRDRHQGQPVSQALQACYHLKSDSFCLLIAVSSPNSDVFRYQRPAACRSSPRLGGDRWPVSRSRGGQGYIGRERQAESEGARSKPERTGTHSRTQTRTGTAGRRWAPDEMLLARCMLAVFVSALLMCSGLGCGPGRGFGKRRHPKKLTPLAYKQFIPNVAEKTLGASGRYEGKISRNSERFKELTPNYNPDIIFKDEENTGADRLMTQRCKDKLNALAISVMNQWPGVKLRVTEGWDEDGHHSEESLHYEGRAVDITTSDRDRSKYGMLARLAVEAGFDWVYYESKAHIHCSVKAENSVAAKSGGCFPGSATVHLEQGGTKLVKDLRPGDRVLAADDQGRLLYSDFLTFLDRDDGAKKVFYVIETREPRERLLLTAAHLLFVAPHNDSAAGEPEAPSGAGPPPGGAPGRRALFASRVRPGQRVYVVAERGGDRRLLPAAVHSVTLREEATGAYAPLTAQGTILINRVLASCYAVIEEHGWAHRAFAPFRLAHALLAVLAPARTDRGGDGDGGGGGHLPPPAPAAPEAPAAADAPGAAGIHWYSQLLYQIGTWLLDSEALHPLGMAVKSS
112663058,SHH,sonic hedgehog signaling molecule,Canis lupus dingo,dingo,XM_025451660.2,XP_025307445.1,MLLLARCMLAVLVCALLMCSGLACGPGRGFGKRRHPKKLTPLAYKQFIPNVAEKTLGASGRYEGKISRNSERFKELTPNYNPDIIFKDEENTGADRLMTQRCKDKLNALAISVMNQWPGVKLRVTEGWDEDGHHSEESLHYEGRAVDITTSDRDRSKYGMLARLAVEAGFDWVYYESKAHIHCSVKAENSVAAKSGGCFPGSATVHLEQGGTKLVKDLRPGDRVLAADDQGRLLYSDFLTFLDRDDGAKKVFYVIETREPRERLLLTAAHLLFVAPLNDSAAGEPEAPSGAGPPPGGAPGRRALFASRVRPGQRVYVVAERGGDRRLLPAAVHSVTLREEATGAYAPLTAQGTILINRVLASCYAVIEEHGWAHRAFAPFRLAHALLAALAPARTDRGGEGDGGGGGHLPPPAPGALEAPGAADAPGAAGIHWYSQLLYQIGTWLLDSEALHPLGMAVKSS
112815894,SHH,sonic hedgehog signaling molecule,Callorhinus ursinus,northern fur seal,XM_025862161.1,XP_025717946.1,MRLLARCMLVVLVSALLMCSGLACGPGRGFGKRRHPKKLTPLAYKQFIPNVAEKTLGASGRYEGKISRNSERFKELTPNYNPDIIFKDEENTGADRLMTQRCKDKLNALAISVMNQWPGVKLRVTEGWDEDGHHSEESLHYEGRAVDITTSDRDRSKYGMLARLAVEAGFDWVYYESKAHIHCSVKAENSVAAKSGGCFPGSATVHLEQGGTKLVKDLRPGDRVLAADDQGRLLYSDFLTFLDRDDGAKKVFYVIETREPRERLLLTAAHLLFVAPHNDSAAGEPEAPSGAGPPPGGAPGRRALFASRVRPGQRVYVVAERGGDRRLLPAAVHSVTLREEATGAYAPLTAQGTILINRVLASCYAVIEEHGWAHRAFAPFRLAHALLAVLAPARTDRGGDGDGGGGGHLPPRGGSPLSLLPRPPCSTSAAPCPTLHSESSLSWPKKGSHAVEQPNPGHQDVQSAPSRRGVHSTFRVDGVKSLCEVSAXVLPPASLVTKCISIPVKSCITMYLKLLSLCSIV
113241522,SHH,sonic hedgehog signaling molecule,Ursus arctos horribilis,grizzly bear,XM_026479217.1,XP_026335002.1,MLLLARCLVVLLVSALLMCPGLACGPGRGFGKRRHPKKLTPLAYKQFIPNVAEKTLGASGRYEGKISRNSERFKELTPNYNPDIIFKDEENTGADRLMTQRCKDKLNALAISVMNQWPGVKLRVTEGWDEDGHHSEESLHYEGRAVDITTSDRDRSKYGMLARLAVEAGFDWVYYESKAHIHCSVKAENSVAAKSGGCFPGSATVHLEQGGTKLVKDLRPGDRVLAADDQGRLLYSDFLTFLDRDDGAKKVFYVIETREPRERLLLTAAHLLFVAPHNDSAAAEREAPSGAGPPPGGAPGRRALFASRVRPGQRVYVVAERGGDRRLLPAAVHSVTLREEATGAYAPLTAQGTILINRVLASCYAVIEEHGWAHRAFAPFRLAHALLAVLAPARTDRGGDGGGGGGGRLPAPAPGAPDAPGAADAPGAVGIHWYSQLLYQIGTWLLDSEALHPLGMAVKSS
113596760,SHH,sonic hedgehog signaling molecule,Acinonyx jubatus,cheetah,XM_027051253.1,XP_026907054.1,YSTKGSLSCKLQACYHLKSDSFCLLIAVSSPNSDVFRYQRPAACCSSPRLGGDRWPVSRSRGGQGYIGRERQAESEGARSKPERTGTHSRTQTRTGTAGRRWAPDEMLLARCMLAVFVSALLMCSGLGCGPGRGFGKRRHPKKLTPLAYKQFIPNVAEKTLGASGRYEGKISRNSERFKELTPNYNPDIIFKDEENTGADRLMTQRCKDKLNALAISVMNQWPGVKLRVTEGWDEDGHHSEESLHYEGRAVDITTSDRDRSKYGMLARLAVEAGFDWVYYESKAHIHCSVKAENSVAAKSGGCFPGSATVHLEQGGTKLVKDLRPGDRVLAADDQGRLLYSDFLTFLDRDDGAKKVFYVIETREPRERLLLTAAHLLFVAPHNDSAAGELEAPSGAGPPPGGAPGRRALFASRVRPGQRVYVVAERGGDRRLLPAAVHSVTLREEATGAYAPLTAQGTILINRVLASCYAVIEEHGWAHRAFAPFRLAHALLAVLAPARTDRGGDGDGGGGGHLPPPAPAAPEAPAAADAPGAAGIHWYSQLLYQIGTWLLDSEALHPLGMAVKSS
113910924,SHH,sonic hedgehog signaling molecule,Zalophus californianus,California sea lion,XM_027572985.1,XP_027428786.1,MRLLARCMLVVLVSALLMCSGLACGPGRGFGKRRHPKKLTPLAYKQFIPNVAEKTLGASGRYEGKISRNSERFKELTPNYNPDIIFKDEENTGADRLMTQRCKDKLNALAISVMNQWPGVKLRVTEGWDEDGHHSEESLHYEGRAVDITTSDRDRSKYGMLARLAVEAGFDWVYYESKAHIHCSVKAENSVAAKSGGCFPGSATVHLEQGGTKLVKDLRPGDRVLAADDQGRLLYSDFLTFLDRDDGAKKVFYVIETREPRERLLLTAAHLLFVAPHNDSAAGEPEAPSGAGPPPGGAPGRRALFASRVRPGQRVYVVAERGGDRRLLPAAVHSVTLREEATGAYAPLTAQGTILINRVLASCYAVIEEHGWAHRAFAPFRLAHALLAVLAPARTDRGRDGDGGGGGHLPPPAPGAPDAPGAADAPGAVGIHWYSQLLYQIGTWLLDSEALHPLGMAVKSS
114201788,SHH,sonic hedgehog signaling molecule,Eumetopias jubatus,Steller sea lion,XM_028094672.1,XP_027950473.1,MRLLARCMLVVLVSALLMCSGLACGPGRGFGKRRHPKKLTPLAYKQFIPNVAEKTLGASGRYEGKISRNSERFKELTPNYNPDIIFKDEENTGADRLMTQRCKDKLNALAISVMNQWPGVKLRVTEGWDEDGHHSEESLHYEGRAVDITTSDRDRSKYGMLARLAVEAGFDWVYYESKAHIHCSVKAENSVAAKSGGCFPGSATVHLEQGGTKLVKDLRPGDRVLAADDQGRLLYSDFLTFLDRDDGAKKVFYVIETREPRERLLLTAAHLLFVAPHNDSAAGEPEAPSGAGPPPGGAPGRRALFASRVRPGQRVYVVAERGGDRRLLPAAVHSVTLREEATGAYAPLTAQGTILINRVLASCYAVIEEHGWAHRAFAPFRLAHALLAVLAPARTDRGGDGDGGGGGHLPPPAPGAPDAPGAADAPGAVGIHWYSQLLYQIGTWLLDSEALHPLGMAVKSS
115304189,SHH,sonic hedgehog signaling molecule,Suricata suricatta,meerkat,XM_029954264.1,XP_029810124.1,MLPARCVLAVFVSALLMCPALACGPGRGFGKRRHPKKLTPLAYKQFIPNVAEKTLGASGRYEGKISRNSERFKELTPNYNPDIIFKDEENTGADRLMTQRCKDKLNALAISVMNQWPGVKLRVTEGWDEDGHHSEESLHYEGRAVDITTSDRDRSKYGMLARLAVEAGFDWVYYESKAHIHCSVKAENSVAAKSGGCFPGSATVHLEQGGTKLVKDLRPGDRVLAADDQGRLLYSDFLTFLDRDDGAKKVFYVIETREPRERLLLTAAHLLFVAPPHNDSAAGELEHLAPPAPGAPEAPGAAEAPGAPGIHWYSQLLYQIGTWLLDSEALHPLGVAVKSS
115509428,SHH,sonic hedgehog signaling molecule,Lynx canadensis,Canada lynx,XM_030308891.1,XP_030164751.1,MLLARCMLAVFVSALLMCSGLGCGPGRGFGKRRHPKKLTPLAYKQFIPNVAEKTLGASGRYEGKISRNSERFKELTPNYNPDIIFKDEENTGADRLMTQRCKDKLNALAISVMNQWPGVKLRVTEGWDEDGHHSEESLHYEGRAVDITTSDRDRSKYGMLARLAVEAGFDWVYYESKAHIHCSVKAENSVAAKSGGCFPGSATVHLEQGGTKLVKDLRPGDRVLAADDQGRLLYSDFLTFLDRDDGAKKVFYVIETREPRERLLLTAAHLLFVAPHNDSAAGEPEAPSGAGXRAGGRAGRRAIFASRVRPGQRVYVWPSAAGDRRLLPAAVHSVTLREEATGAYAPPRRRAAILINRVLASCYAVIEEHGWGPSGLRALPPAHALLAVLAPARTDRGGDGDGGGGGHLPPPAPAAPEAPAAADAPGAAGIHWYSQLLYQIGTWLLDSEALHPLGMAVKSS
116569238,SHH,sonic hedgehog signaling molecule,Mustela erminea,ermine,XM_032305348.1,XP_032161239.1,MLPLGRRLLAVLVSALLLCPGLACGPGRGFGKRRHPKKLTPLAYKQFIPNVAEKTLGASGRYEGKISRNSERFKELTPNYNPDIIFKDEENTGADRLMTQRCKDKLNALAISVMNQWPGVKLRVTEGWDEDGHHSEESLHYEGRAVDITTSDRDRSKYGMLARLAVEAGFDWVYYESKAHIHCSVKAENSVAAKSGGCFPGSATVHLEQGGTKLVRELRPGDRVLAADDQGRLLYSDFLTFLDRDDGAKKVFYVIETREPRERLLLTAAHLLFVAPHNDSAAAEPEARAGAGPPPGAAPGRRALFASRVRPGQLVYVVAEGGGGRRLLPAAVHSVTLREEATGAYAPLTAQGTILINRVLASCYAVIEEHGWAHRAFAPFRLAHALLAVLAPARTDRGGDGPGGDGHSGGGGHLPLPAPGAADAPGAAGIHWYSQLLYQIGTWLLDSEALHPLGMAVPSS
116625639,SHH,sonic hedgehog signaling molecule,Phoca vitulina,harbor seal,XM_032394350.1,XP_032250241.1,MRLLARCVLVVLVSALLMCSGLACGPGRGFGKRRHPKKLTPLAYKQFIPNVAEKTLGASGRYEGKISRNSERFKELTPNYNPDIIFKDEENTGADRLMTQRCKDKLNALAISVMNQWPGVKLRVTEGWDEDGHHSEESLHYEGRAVDITTSDRDRSKYGMLARLAVEAGFDWVYYESKAHIHCSVKAENSVAAKSGGCFPGSATVHLEHGGTKLVKDLRPGDRVLAADDQGRLLYSDFLTFLDRDDGAKKVFYVIETREPRERLLLTAAHLLFVAPHNDSAAGEPGAPSGAGPPPGGAPGRRALFASRVRPGQRVYVVAERGGDRRLMPAAVHSVTLREEATGAYAPLTAQGTILINRVLASCYAVIEEHGWAHRAFAPFRLAHALLALLAPARTDRGGDGDGGGGGRLSPPAPGAPDAPGAADAPGAVGIHWYSQLLYQIGTWLLDGEALHPLGMAVKSS
116856725,SHH,sonic hedgehog signaling molecule,Lontra canadensis,Northern American river otter,XM_032840275.1,XP_032696166.1,MLPLGRRLLAVLVSALLLCPGLACGPGRGFGKRRHPKKLTPLAYKQFIPNVAEKTLGASGRYEGKISRNSERFKELTPNYNPDIIFKDEENTGADRLMTQRCKDKLNALAISVMNQWPGVKLRVTEGWDEDGHHSEESLHYEGRAVDITTSDRDRSKYGMLARLAVEAGFDWVYYESKAHIHCSVKAENSVAAKSGGCFPGSATVHLEQGGTKLVRELRPGDRVLAADDQGRLLYSDFLTFLDRDDGAKKVFYVIETREPRERLLLTAAHLLFVAPHNDSAAGEPEARAGAGPPPGAAPGRRALFASRVRPGQLVYVVAEGGGGRRLLPAAVHSVTLREEATGAYAPLTAQGTILINRVLASCYAVIEEHGWAHRAFAPFRLAHALLAVLAPARTDRGGAGHGDGGGGGHPPLPAPGAADAPGAAGIHWYSQLLYQIGTWLLDSEALHPLGMAVPSS
118026795,SHH,sonic hedgehog signaling molecule,Mirounga leonina,Southern elephant seal,XM_035029798.1,XP_034885689.1,MRASANPELHFALACVLPIQCFFTATRCKDKLNALAISVMNQWPGVKLRVTEGWDEDGHHSEESLHYEGRAVDITTSDRDRGKYGMLARLAVEAGFDWVYYESKAHIHCSVKAENSVAAKSGGCFPGSATVHLEQGGTKLVKDLRPGDRVLAADDQGRLLYSDFLTFLDRDEGAKKVFYVIETREPRERLLLTAAHLLFVAPHNESAAAEPGAPSGAGPPPGGAPGRRALFASRVRPGQRVYVVAERGGDRRLLPAAVHSVTLREEASGAYAPLTAQGTILINRVLASCYAVIEEHGWAHRAFAPFRLAHALLALLAPARTDRGGDGDGGDGDGGGGRLPPPAPGAPEAPGAADAPGAGGVHWYSQLLYQIGTWLLDGEALHPLGMAVTSR
118521216,SHH,sonic hedgehog signaling molecule,Halichoerus grypus,gray seal,XM_036069604.1,XP_035925497.1,EGKISRNSERFKELTPNYNPDIIFKDEENTGADRLMTQRCKDKLNALAISVMNQWPGVKLRVTEGWDEDGHHSEESLHYEGRAVDITTSDRDRSKYGMLARLAVEAGFDWVYYESKAHIHCSVKAENSVAAKSGGCFPGSATVHLEHGGTKLVKDLRPGDRVLAADDQGRLLYSDFLTFLDRDDGAKKVFYVIETREPRERLLLTAAHLLFVAPHNDSAAGEPGAPSGAGPPPGGAPGRRALFASRVRPGQRVYVVAERGGDRRLLPAAVHSVTLREEATGAYAPLTAQGTILINRVLASCYAVIEEHGWAHRAFAPFRLAHALLALLAPARTDRGGDGDGGGGGRLSPPAPGAPDAPGAADAPGAVGIHWYSQLLYQIGTWLLDGEALHPLGMAVKSS
120230892,SHH,sonic hedgehog signaling molecule,Hyaena hyaena,striped hyena,XM_039230668.1,XP_039086599.1,MLLARGMLAVLFSALLLCPGLACGPGRGFGKRRHPKKLTPLAYKQFIPNVAEKTLGASGRYEGKISRNSERFKELTPNYNPDIIFKDEENTGADRLMTQRCKDKLNALAISVMNQWPGVKLRVTEGWDEDGHHSEESLHYEGRAVDITTSDRDRSKYGMLARLAVEAGFDWVYYESKAHIHCSVKAENSVAAKSGGCFPGSATVHLEHGGTKLVKDLRPGDRVLAADDQGRLLYSDFLAFLDRDDGARKVFYVIETREPRERLLLTAAHLLFVAPPHNGSAAAGREARAGGAPGRRALFASRVRPGQRVYVVAERGGGRRLLPAAVHSVTLREEATGAYAPLTAQGTILINRVLASCYAVIEEHGWAHRAFAPFRLAHALLAALAPARTDRGGGGGGGGGGGPLSPPAPGAPDAPGAADAPGAAGIHWYSQLLYQIGTWLLDSEALHPLGVAVKSS
121488899,SHH,sonic hedgehog signaling molecule,Vulpes lagopus,Arctic fox,XM_041751171.1,XP_041607105.1,MSPERAAGWWGGAGRRPSSFPGSKSRGGPGGEGQGQGPGQGRGRGAAGPPPGPRGLAARDPLARWPRAQSHRGDPVPGARVSAPRASRPSASPSLHCGRRRVPQAWQDRPRWNFGSSSGTLELLVNINSERGKRRQTRSARRRGCQARARRPGARGAGGGRGRAWGRSGDSPGPRRVDPRRCKDKLNALAISVMNQWPGVKLRVTEGWDEDGHHSEESLHYEGRAVDITTSDRDRSKYGMLARLAVEAGFDWVYYESKAHIHCSVKAENSVAAKSGGCFPGSATVHLEQGGTKLVKDLRPGDRVLAADDQGRLLYSDFLTFLDRDDGAKKVFYVIETREPRERLLLTAAHLLFVAPLNDSAAGEPEAPSGAGPPPGGAPGRRALFASRVRPGQRVYVVAERGGGRRLLPAAVHSVTLREEATGAYAPLTAQGTILINRVLASCYAVIEEHGWAHRAFAPFRLAHALLAALAPARTDRGGGGDGGGGGRLPPAAPGALEAPGAADAPGAAGIHWYSQLLYQIGTWLLDSEALHPLGMAVPAS